Country,Data_Year,Happiness Rank,Happiness_Score,Life_Expectancy,Population,Latitude,Longitude
Afghanistan,2018,145,3.63,63.7,37200000,33.93911,67.709953
Afghanistan,2017,141,3.79,63.4,36300000,33.93911,67.709953
Afghanistan,2016,154,3.36,61.2,35400000,33.93911,67.709953
Afghanistan,2015,153,3.58,61.2,34400000,33.93911,67.709953
Afghanistan,2019,145,3.63,64.1,38000000,33.93911,67.709953
Albania,2017,109,4.64,78.2,2880000,41.153332,20.168331
Albania,2019,112,4.59,78.5,2880000,41.153332,20.168331
Albania,2015,95,4.96,78,2890000,41.153332,20.168331
Albania,2016,109,4.66,78.1,2890000,41.153332,20.168331
Albania,2018,112,4.59,78.3,2880000,41.153332,20.168331
Algeria,2019,84,5.3,78.1,43100000,28.033886,1.659626
Algeria,2015,68,5.6,77.1,39700000,28.033886,1.659626
Algeria,2018,84,5.3,77.9,42200000,28.033886,1.659626
Algeria,2016,38,6.36,77.4,40600000,28.033886,1.659626
Algeria,2017,53,5.87,77.7,41400000,28.033886,1.659626
Angola,2015,137,4.03,63.3,27900000,-11.202692,17.873887
Angola,2018,142,3.8,64.6,30800000,-11.202692,17.873887
Angola,2017,140,3.8,64.2,29800000,-11.202692,17.873887
Angola,2016,141,3.87,63.8,28800000,-11.202692,17.873887
Angola,2019,142,3.8,65,31800000,-11.202692,17.873887
Argentina,2017,24,6.6,76.7,43900000,-38.416097,-63.616672
Argentina,2018,29,6.39,76.8,44400000,-38.416097,-63.616672
Argentina,2019,29,6.39,77,44800000,-38.416097,-63.616672
Argentina,2015,30,6.57,76.5,43100000,-38.416097,-63.616672
Argentina,2016,26,6.65,76.5,43500000,-38.416097,-63.616672
Armenia,2015,127,4.35,75.3,2930000,40.069099,45.038189
Armenia,2018,129,4.32,75.8,2950000,40.069099,45.038189
Armenia,2017,121,4.38,75.6,2940000,40.069099,45.038189
Armenia,2016,121,4.36,75.4,2940000,40.069099,45.038189
Armenia,2019,129,4.32,75.9,2960000,40.069099,45.038189
Australia,2017,10,7.28,82.4,24600000,-25.274398,133.775136
Australia,2016,9,7.31,82.5,24300000,-25.274398,133.775136
Australia,2015,10,7.28,82.5,23900000,-25.274398,133.775136
Australia,2019,10,7.27,82.7,25200000,-25.274398,133.775136
Australia,2018,10,7.27,82.5,24900000,-25.274398,133.775136
Austria,2019,12,7.14,82,8960000,47.516231,14.550072
Austria,2016,12,7.12,81.7,8750000,47.516231,14.550072
Austria,2015,13,7.2,81.5,8680000,47.516231,14.550072
Austria,2018,12,7.14,81.9,8890000,47.516231,14.550072
Austria,2017,13,7.01,81.8,8820000,47.516231,14.550072
Azerbaijan,2018,87,5.2,70.9,9950000,40.143105,47.576927
Azerbaijan,2017,85,5.23,70.8,9850000,40.143105,47.576927
Azerbaijan,2019,87,5.2,71.1,10000000,40.143105,47.576927
Azerbaijan,2015,80,5.21,70.5,9620000,40.143105,47.576927
Azerbaijan,2016,81,5.29,70.6,9740000,40.143105,47.576927
Bahrain,2019,43,6.1,79.8,1640000,25.930414,50.637772
Bahrain,2017,41,6.09,79.5,1490000,25.930414,50.637772
Bahrain,2015,49,5.96,79.3,1370000,25.930414,50.637772
Bahrain,2016,42,6.22,79.4,1430000,25.930414,50.637772
Bahrain,2018,43,6.1,79.6,1570000,25.930414,50.637772
Bangladesh,2017,110,4.61,73.1,160000000,23.684994,90.356331
Bangladesh,2016,110,4.64,72.9,158000000,23.684994,90.356331
Bangladesh,2018,115,4.5,73.4,161000000,23.684994,90.356331
Bangladesh,2019,115,4.5,73.7,163000000,23.684994,90.356331
Bangladesh,2015,109,4.69,72.5,156000000,23.684994,90.356331
Belarus,2017,67,5.57,74,9450000,53.709807,27.953389
Belarus,2015,59,5.81,73.8,9440000,53.709807,27.953389
Belarus,2018,73,5.48,74.3,9450000,53.709807,27.953389
Belarus,2019,73,5.48,74.5,9450000,53.709807,27.953389
Belarus,2016,61,5.8,74,9450000,53.709807,27.953389
Belgium,2015,19,6.94,80.9,11300000,50.503887,4.469936
Belgium,2017,17,6.89,81.4,11400000,50.503887,4.469936
Belgium,2018,16,6.93,81.5,11500000,50.503887,4.469936
Belgium,2016,18,6.93,81.2,11400000,50.503887,4.469936
Belgium,2019,16,6.93,81.7,11500000,50.503887,4.469936
Belize,2017,50,5.96,74.2,376000,17.189877,-88.49765
Belize,2019,49,5.96,74.4,390000,17.189877,-88.49765
Belize,2018,49,5.96,74.3,383000,17.189877,-88.49765
Belize,2016,52,5.96,74.1,368000,17.189877,-88.49765
Benin,2017,143,3.66,64.6,11200000,9.30769,2.315834
Benin,2019,136,4.14,65.3,11800000,9.30769,2.315834
Benin,2018,136,4.14,64.9,11500000,9.30769,2.315834
Benin,2016,153,3.48,64.1,10900000,9.30769,2.315834
Benin,2015,155,3.34,63.5,10600000,9.30769,2.315834
Bhutan,2018,97,5.08,74.4,754000,27.514162,90.433601
Bhutan,2015,79,5.25,73.5,728000,27.514162,90.433601
Bhutan,2017,97,5.01,74,746000,27.514162,90.433601
Bhutan,2016,84,5.2,73.8,737000,27.514162,90.433601
Bhutan,2019,97,5.08,74.7,763000,27.514162,90.433601
Bolivia,2017,58,5.82,72.8,11200000,-16.290154,-63.588653
Bolivia,2015,51,5.89,72.2,10900000,-16.290154,-63.588653
Bolivia,2019,62,5.75,73.3,11500000,-16.290154,-63.588653
Bolivia,2018,62,5.75,73.1,11400000,-16.290154,-63.588653
Bolivia,2016,59,5.82,72.5,11000000,-16.290154,-63.588653
Bosnia and Herzegovina,2017,90,5.18,76.7,3350000,43.9143,17.6791
Bosnia and Herzegovina,2018,93,5.13,76.9,3320000,43.9143,17.6791
Bosnia and Herzegovina,2019,93,5.13,77,3300000,43.9143,17.6791
Bosnia and Herzegovina,2016,87,5.16,76.5,3390000,43.9143,17.6791
Bosnia and Herzegovina,2015,96,4.95,76.4,3430000,43.9143,17.6791
Botswana,2015,128,4.33,66.9,2120000,-22.328474,24.684866
Botswana,2018,146,3.59,69.5,2250000,-22.328474,24.684866
Botswana,2019,146,3.59,69.8,2300000,-22.328474,24.684866
Botswana,2017,142,3.77,69.1,2210000,-22.328474,24.684866
Botswana,2016,137,3.97,68.1,2160000,-22.328474,24.684866
Brazil,2015,16,6.98,75.5,204000000,-14.235004,-51.92528
Brazil,2017,22,6.64,75.5,208000000,-14.235004,-51.92528
Brazil,2019,28,6.42,75.9,211000000,-14.235004,-51.92528
Brazil,2016,17,6.95,75.4,206000000,-14.235004,-51.92528
Brazil,2018,28,6.42,75.7,209000000,-14.235004,-51.92528
Bulgaria,2017,105,4.71,74.9,7100000,42.733883,25.48583
Bulgaria,2015,134,4.22,74.8,7200000,42.733883,25.48583
Bulgaria,2016,129,4.22,74.9,7150000,42.733883,25.48583
Bulgaria,2019,100,4.93,75.1,7000000,42.733883,25.48583
Bulgaria,2018,100,4.93,75,7050000,42.733883,25.48583
Burkina Faso,2019,121,4.42,62.5,20300000,12.2383,1.5616
Burkina Faso,2015,152,3.59,60.7,18100000,12.2383,1.5616
Burkina Faso,2016,145,3.74,61.2,18600000,12.2383,1.5616
Burkina Faso,2018,121,4.42,62.1,19800000,12.2383,1.5616
Burkina Faso,2017,134,4.03,61.7,19200000,12.2383,1.5616
Burundi,2015,157,2.9,60.8,10200000,-3.373056,29.918886
Burundi,2016,157,2.9,61.2,10500000,-3.373056,29.918886
Burundi,2017,154,2.9,61.5,10800000,-3.373056,29.918886
Burundi,2019,156,2.9,62.3,11500000,-3.373056,29.918886
Burundi,2018,156,2.9,61.9,11200000,-3.373056,29.918886
Cambodia,2017,129,4.17,69.9,16000000,12.565679,104.990963
Cambodia,2018,120,4.43,70.2,16200000,12.565679,104.990963
Cambodia,2019,120,4.43,70.4,16500000,12.565679,104.990963
Cambodia,2016,140,3.91,69.6,15800000,12.565679,104.990963
Cambodia,2015,145,3.82,69.3,15500000,12.565679,104.990963
Cameroon,2019,99,4.97,63.8,25900000,7.369722,12.354722
Cameroon,2015,133,4.25,61.2,23300000,7.369722,12.354722
Cameroon,2018,99,4.97,63.4,25200000,7.369722,12.354722
Cameroon,2016,114,4.51,62.1,23900000,7.369722,12.354722
Cameroon,2017,107,4.7,63,24600000,7.369722,12.354722
Canada,2018,7,7.33,82.1,37100000,56.130366,-106.346771
Canada,2019,7,7.33,82.2,37400000,56.130366,-106.346771
Canada,2015,5,7.43,81.7,36000000,56.130366,-106.346771
Canada,2016,6,7.4,81.9,36400000,56.130366,-106.346771
Canada,2017,7,7.32,82,36700000,56.130366,-106.346771
Central African Republic,2017,155,2.69,51.9,4600000,6.6111,20.9394
Central African Republic,2019,155,3.08,52.9,4750000,6.6111,20.9394
Central African Republic,2015,148,3.68,50.9,4490000,6.6111,20.9394
Central African Republic,2018,155,3.08,52.4,4670000,6.6111,20.9394
Chad,2017,137,3.94,60,15000000,15.454166,18.732207
Chad,2015,149,3.67,59.2,14100000,15.454166,18.732207
Chad,2016,144,3.76,59.7,14600000,15.454166,18.732207
Chad,2018,131,4.3,60.3,15500000,15.454166,18.732207
Chad,2019,131,4.3,60.6,15900000,15.454166,18.732207
Chile,2015,27,6.67,79.6,18000000,-35.675147,-71.542969
Chile,2018,25,6.48,79.8,18700000,-35.675147,-71.542969
Chile,2016,24,6.7,79.7,18200000,-35.675147,-71.542969
Chile,2019,25,6.48,80,19000000,-35.675147,-71.542969
Chile,2017,20,6.65,79.7,18500000,-35.675147,-71.542969
China,2017,79,5.27,77.1,1420000000,35.86166,104.195397
China,2018,86,5.25,77.3,1430000000,35.86166,104.195397
China,2019,86,5.25,77.5,1430000000,35.86166,104.195397
China,2015,84,5.14,76.5,1410000000,35.86166,104.195397
China,2016,83,5.24,76.7,1410000000,35.86166,104.195397
Colombia,2016,31,6.48,80,48200000,4.570868,-74.297333
Colombia,2019,37,6.26,80.5,50300000,4.570868,-74.297333
Colombia,2017,36,6.36,80.1,48900000,4.570868,-74.297333
Colombia,2018,37,6.26,80.3,49700000,4.570868,-74.297333
Colombia,2015,33,6.48,80,47500000,4.570868,-74.297333
Comoros,2015,140,3.96,68,777000,-11.875001,43.872219
Comoros,2016,138,3.96,68.3,796000,-11.875001,43.872219
Congo (Brazzaville),2019,114,4.56,62.2,4860000,0.228,15.8277
Congo (Brazzaville),2015,139,3.99,62.5,4980000,0.228,15.8277
Congo (Brazzaville),2018,114,4.56,62.6,5110000,0.228,15.8277
Congo (Brazzaville),2017,124,4.29,63,5240000,0.228,15.8277
Congo (Brazzaville),2016,127,4.24,63.3,5380000,0.228,15.8277
Congo (Kinshasa),2016,125,4.27,61.3,76200000,4.0383,21.7587
Congo (Kinshasa),2018,132,4.24,61.9,78800000,4.0383,21.7587
Congo (Kinshasa),2015,120,4.52,62.4,81400000,4.0383,21.7587
Congo (Kinshasa),2019,132,4.24,62.7,84100000,4.0383,21.7587
Congo (Kinshasa),2017,126,4.28,63,86800000,4.0383,21.7587
Costa Rica,2016,14,7.09,79.5,4900000,9.7489,-83.7534
Costa Rica,2019,13,7.07,79.8,5050000,9.7489,-83.7534
Costa Rica,2018,13,7.07,79.7,5000000,9.7489,-83.7534
Costa Rica,2017,12,7.08,79.5,4950000,9.7489,-83.7534
Costa Rica,2015,12,7.23,79.9,4850000,9.7489,-83.7534
Croatia,2016,74,5.49,78.3,4210000,45.1,15.2
Croatia,2019,82,5.32,78.8,4130000,45.1,15.2
Croatia,2018,82,5.32,78.7,4160000,45.1,15.2
Croatia,2017,77,5.29,78.5,4180000,45.1,15.2
Croatia,2015,62,5.76,77.6,4230000,45.1,15.2
Cyprus,2019,61,5.76,82,1200000,35.126413,33.429859
Cyprus,2017,65,5.62,81.7,1180000,35.126413,33.429859
Cyprus,2015,67,5.69,81.5,1160000,35.126413,33.429859
Cyprus,2016,69,5.55,81.7,1170000,35.126413,33.429859
Cyprus,2018,61,5.76,81.9,1190000,35.126413,33.429859
Czech Republic,2017,23,6.61,79.2,10600000,49.8175,15.473
Czech Republic,2016,27,6.6,79,10600000,49.8175,15.473
Czech Republic,2018,21,6.71,79.3,10700000,49.8175,15.473
Czech Republic,2019,21,6.71,79.5,10700000,49.8175,15.473
Czech Republic,2015,31,6.5,78.8,10600000,49.8175,15.473
Denmark,2018,3,7.56,80.9,5750000,56.26392,9.501785
Denmark,2017,2,7.52,80.8,5730000,56.26392,9.501785
Denmark,2016,1,7.53,80.8,5710000,56.26392,9.501785
Denmark,2019,3,7.56,81,5770000,56.26392,9.501785
Denmark,2015,3,7.53,80.9,5690000,56.26392,9.501785
Djibouti,2015,126,4.37,66.3,914000,11.825138,42.590275
Dominican Republic,2019,83,5.3,73.5,10700000,18.7357,-70.1627
Dominican Republic,2015,98,4.88,72.8,10300000,18.7357,-70.1627
Dominican Republic,2018,83,5.3,73.3,10600000,18.7357,-70.1627
Dominican Republic,2017,86,5.23,73.1,10500000,18.7357,-70.1627
Dominican Republic,2016,89,5.16,72.8,10400000,18.7357,-70.1627
Ecuador,2016,51,5.98,76.5,16500000,-1.831239,-78.183406
Ecuador,2017,44,6.01,76.7,16800000,-1.831239,-78.183406
Ecuador,2015,48,5.98,76.6,16200000,-1.831239,-78.183406
Ecuador,2018,48,5.97,77,17100000,-1.831239,-78.183406
Ecuador,2019,48,5.97,77.2,17400000,-1.831239,-78.183406
Egypt,2018,122,4.42,70.8,98400000,26.820553,30.802498
Egypt,2019,122,4.42,71,100000000,26.820553,30.802498
Egypt,2016,120,4.36,70.5,94400000,26.820553,30.802498
Egypt,2015,135,4.19,70.2,92400000,26.820553,30.802498
Egypt,2017,104,4.74,70.6,96400000,26.820553,30.802498
El Salvador,2018,40,6.17,74.2,6420000,13.7942,-88.8965
El Salvador,2016,46,6.07,73.8,6360000,13.7942,-88.8965
El Salvador,2017,45,6,74,6390000,13.7942,-88.8965
El Salvador,2019,40,6.17,74.5,6450000,13.7942,-88.8965
El Salvador,2015,42,6.13,72.1,6330000,13.7942,-88.8965
Estonia,2015,73,5.43,77.7,1320000,58.595272,25.013607
Estonia,2017,66,5.61,78.1,1320000,58.595272,25.013607
Estonia,2016,72,5.52,77.9,1320000,58.595272,25.013607
Estonia,2018,63,5.74,78.3,1320000,58.595272,25.013607
Estonia,2019,63,5.74,78.5,1330000,58.595272,25.013607
Ethiopia,2018,127,4.35,68.8,109000000,9.145,40.489673
Ethiopia,2019,127,4.35,69.1,112000000,9.145,40.489673
Ethiopia,2017,119,4.46,68.4,106000000,9.145,40.489673
Ethiopia,2016,115,4.51,67.8,104000000,9.145,40.489673
Ethiopia,2015,122,4.51,67.2,101000000,9.145,40.489673
Finland,2019,1,7.63,81.8,5530000,61.92411,25.748151
Finland,2018,1,7.63,81.6,5520000,61.92411,25.748151
Finland,2016,5,7.41,81.5,5500000,61.92411,25.748151
Finland,2015,6,7.41,81.6,5480000,61.92411,25.748151
Finland,2017,5,7.47,81.4,5510000,61.92411,25.748151
France,2015,29,6.58,82.5,64500000,46.227638,2.213749
France,2019,23,6.49,83.1,65100000,46.227638,2.213749
France,2016,32,6.48,82.8,64700000,46.227638,2.213749
France,2017,31,6.44,82.8,64800000,46.227638,2.213749
France,2018,23,6.49,83,65000000,46.227638,2.213749
Gabon,2019,103,4.76,69,2170000,-0.803689,11.609444
Gabon,2018,103,4.76,68.8,2120000,-0.803689,11.609444
Gabon,2015,143,3.9,67,1950000,-0.803689,11.609444
Gabon,2016,134,4.12,67.7,2010000,-0.803689,11.609444
Gabon,2017,118,4.47,68.4,2060000,-0.803689,11.609444
Georgia,2018,128,4.34,73,4000000,42.315407,43.356892
Georgia,2016,126,4.25,72.8,4020000,42.315407,43.356892
Georgia,2019,128,4.34,73.2,4000000,42.315407,43.356892
Georgia,2017,125,4.29,72.8,4010000,42.315407,43.356892
Georgia,2015,130,4.3,73,4020000,42.315407,43.356892
Germany,2016,16,6.99,80.5,82200000,51.165691,10.451526
Germany,2019,15,6.96,80.9,83500000,51.165691,10.451526
Germany,2018,15,6.96,80.8,83100000,51.165691,10.451526
Germany,2017,16,6.95,80.6,82700000,51.165691,10.451526
Germany,2015,26,6.75,80.7,81800000,51.165691,10.451526
Ghana,2018,108,4.66,65.8,29800000,7.946527,-1.023194
Ghana,2016,124,4.28,64.8,28500000,7.946527,-1.023194
Ghana,2019,108,4.66,66.1,30400000,7.946527,-1.023194
Ghana,2015,114,4.63,64.4,27800000,7.946527,-1.023194
Ghana,2017,131,4.12,65.5,29100000,7.946527,-1.023194
Greece,2017,87,5.23,81,10600000,39.074208,21.824312
Greece,2016,99,5.03,80.9,10600000,39.074208,21.824312
Greece,2015,102,4.86,80.8,10700000,39.074208,21.824312
Greece,2019,79,5.36,81.3,10500000,39.074208,21.824312
Greece,2018,79,5.36,81.2,10500000,39.074208,21.824312
Guatemala,2016,39,6.32,72.6,16600000,15.783471,-90.230759
Guatemala,2018,30,6.38,72.9,17200000,15.783471,-90.230759
Guatemala,2019,30,6.38,73.1,17600000,15.783471,-90.230759
Guatemala,2015,43,6.12,72.9,16300000,15.783471,-90.230759
Guatemala,2017,29,6.45,72.6,16900000,15.783471,-90.230759
Guinea,2015,150,3.66,59.2,11400000,9.945587,-9.696645
Guinea,2017,149,3.51,60.7,12100000,9.945587,-9.696645
Guinea,2016,151,3.61,60.1,11700000,9.945587,-9.696645
Guinea,2019,140,3.96,61.6,12800000,9.945587,-9.696645
Guinea,2018,140,3.96,61.2,12400000,9.945587,-9.696645
Haiti,2015,119,4.52,64,10700000,18.971187,-72.285215
Haiti,2018,148,3.58,65.3,11100000,18.971187,-72.285215
Haiti,2017,145,3.6,65,11000000,18.971187,-72.285215
Haiti,2016,136,4.03,64.3,10800000,18.971187,-72.285215
Haiti,2019,148,3.58,65.7,11300000,18.971187,-72.285215
Honduras,2017,91,5.18,74,9430000,15.199999,-86.241905
Honduras,2016,104,4.87,73.8,9270000,15.199999,-86.241905
Honduras,2019,72,5.5,74.3,9750000,15.199999,-86.241905
Honduras,2018,72,5.5,74.2,9590000,15.199999,-86.241905
Honduras,2015,105,4.79,72.1,9110000,15.199999,-86.241905
Hong Kong,2015,72,5.47,83.89,7185996,22.3193,114.1694
Hong Kong,2018,76,5.43,84.63,7371730,22.3193,114.1694
Hong Kong,2019,76,5.43,84.76,7436154,22.3193,114.1694
Hong Kong,2016,75,5.46,84.14,7243542,22.3193,114.1694
Hong Kong,2017,71,5.47,84.38,7306322,22.3193,114.1694
Hungary,2017,75,5.32,76.8,9730000,47.162494,19.503304
Hungary,2019,69,5.62,77.2,9680000,47.162494,19.503304
Hungary,2018,69,5.62,77,9710000,47.162494,19.503304
Hungary,2016,91,5.14,76.4,9750000,47.162494,19.503304
Hungary,2015,104,4.8,75.5,9780000,47.162494,19.503304
Iceland,2018,4,7.5,82.9,337000,64.963051,-19.020835
Iceland,2016,3,7.5,82.7,332000,64.963051,-19.020835
Iceland,2015,2,7.56,82.7,330000,64.963051,-19.020835
Iceland,2017,3,7.5,82.8,334000,64.963051,-19.020835
Iceland,2019,4,7.5,83,339000,64.963051,-19.020835
India,2016,118,4.4,68.6,1320000000,20.593684,78.96288
India,2019,133,4.19,69.5,1370000000,20.593684,78.96288
India,2015,117,4.57,68.4,1310000000,20.593684,78.96288
India,2017,122,4.32,69,1340000000,20.593684,78.96288
India,2018,133,4.19,69.2,1350000000,20.593684,78.96288
Indonesia,2015,74,5.4,71,258000000,-0.789275,113.921327
Indonesia,2016,79,5.31,71.2,262000000,-0.789275,113.921327
Indonesia,2018,96,5.09,71.7,268000000,-0.789275,113.921327
Indonesia,2019,96,5.09,71.9,271000000,-0.789275,113.921327
Indonesia,2017,81,5.26,71.5,265000000,-0.789275,113.921327
Iran,2017,108,4.69,77.3,80700000,32.427908,53.688046
Iran,2016,105,4.81,77,79600000,32.427908,53.688046
Iran,2015,110,4.69,76.5,78500000,32.427908,53.688046
Iran,2019,106,4.71,77.8,82900000,32.427908,53.688046
Iran,2018,106,4.71,77.6,81800000,32.427908,53.688046
Iraq,2016,112,4.58,76.7,36600000,33.223191,43.679291
Iraq,2019,117,4.46,77.1,39300000,33.223191,43.679291
Iraq,2018,117,4.46,76.9,38400000,33.223191,43.679291
Iraq,2015,112,4.68,76.3,35600000,33.223191,43.679291
Iraq,2017,117,4.5,76.7,37600000,33.223191,43.679291
Ireland,2018,14,6.98,82.1,4820000,53.41291,-8.24389
Ireland,2015,18,6.94,81.6,4650000,53.41291,-8.24389
Ireland,2016,19,6.91,81.8,4700000,53.41291,-8.24389
Ireland,2019,14,6.98,82.3,4880000,53.41291,-8.24389
Ireland,2017,15,6.98,81.8,4750000,53.41291,-8.24389
Israel,2016,11,7.27,82.9,8110000,31.046051,34.851612
Israel,2019,19,6.81,83.3,8520000,31.046051,34.851612
Israel,2017,11,7.21,83,8240000,31.046051,34.851612
Israel,2015,11,7.28,82.6,7980000,31.046051,34.851612
Israel,2018,19,6.81,83.1,8380000,31.046051,34.851612
Italy,2018,47,6,83.3,60600000,41.87194,12.56738
Italy,2019,47,6,83.5,60600000,41.87194,12.56738
Italy,2017,48,5.96,83.2,60700000,41.87194,12.56738
Italy,2016,50,5.98,83,60700000,41.87194,12.56738
Italy,2015,50,5.95,82.6,60600000,41.87194,12.56738
Ivory Coast,2015,151,3.66,56.07,23226143,7.54,5.5471
Ivory Coast,2019,107,4.67,57.02,25716544,7.54,5.5471
Ivory Coast,2018,107,4.67,57.02,25069230,7.54,5.5471
Ivory Coast,2017,128,4.18,57.02,24437470,7.54,5.5471
Ivory Coast,2016,139,3.92,56.57,23822714,7.54,5.5471
Jamaica,2018,56,5.89,74.8,2930000,18.109581,-77.297508
Jamaica,2019,56,5.89,74.9,2950000,18.109581,-77.297508
Jamaica,2017,76,5.31,74.7,2920000,18.109581,-77.297508
Jamaica,2015,65,5.71,74.6,2890000,18.109581,-77.297508
Jamaica,2016,73,5.51,74.5,2910000,18.109581,-77.297508
Japan,2018,54,5.92,84.4,127000000,36.204824,138.252924
Japan,2017,51,5.92,84.2,128000000,36.204824,138.252924
Japan,2019,54,5.92,84.5,127000000,36.204824,138.252924
Japan,2016,53,5.92,84.2,128000000,36.204824,138.252924
Japan,2015,46,5.99,84.1,128000000,36.204824,138.252924
Jordan,2015,82,5.19,79.1,9270000,30.585164,36.238414
Jordan,2016,80,5.3,79.2,9550000,30.585164,36.238414
Jordan,2018,90,5.16,79.5,9970000,30.585164,36.238414
Jordan,2019,90,5.16,79.6,10100000,30.585164,36.238414
Jordan,2017,74,5.34,79.3,9790000,30.585164,36.238414
Kazakhstan,2018,60,5.79,72.5,18300000,48.019573,66.923684
Kazakhstan,2017,60,5.82,72,18100000,48.019573,66.923684
Kazakhstan,2015,54,5.86,71.7,17600000,48.019573,66.923684
Kazakhstan,2016,54,5.92,71.8,17800000,48.019573,66.923684
Kazakhstan,2019,60,5.79,72.8,18600000,48.019573,66.923684
Kenya,2015,125,4.42,64.7,47900000,-0.023559,37.906193
Kenya,2018,124,4.41,66.3,51400000,-0.023559,37.906193
Kenya,2017,112,4.55,65.9,50200000,-0.023559,37.906193
Kenya,2016,122,4.36,65.3,49100000,-0.023559,37.906193
Kenya,2019,124,4.41,66.7,52600000,-0.023559,37.906193
Kosovo,2017,78,5.28,74.2,1807111,42.602636,20.902977
Kosovo,2015,69,5.59,73.6,1804944,42.602636,20.902977
Kosovo,2019,66,5.66,74.6,1809280,42.602636,20.902977
Kosovo,2018,66,5.66,74.7,1808195,42.602636,20.902977
Kosovo,2016,77,5.4,73.9,1806027,42.602636,20.902977
Kuwait,2016,41,6.24,83.1,3960000,29.31166,47.481766
Kuwait,2018,45,6.08,83.2,4140000,29.31166,47.481766
Kuwait,2019,45,6.08,83.3,4210000,29.31166,47.481766
Kuwait,2017,39,6.11,83.1,4060000,29.31166,47.481766
Kuwait,2015,39,6.3,82.9,3840000,29.31166,47.481766
Kyrgyzstan,2015,77,5.29,70.88,5959121,41.20438,74.766098
Kyrgyzstan,2019,92,5.13,71.45,6415850,41.20438,74.766098
Kyrgyzstan,2016,85,5.18,71.05,6074330,41.20438,74.766098
Kyrgyzstan,2018,92,5.13,71.32,6304030,41.20438,74.766098
Kyrgyzstan,2017,98,5,71.19,6189733,41.20438,74.766098
Laos,2018,110,4.62,67.28,7061507,19.85627,102.495496
Laos,2019,110,4.62,67.43,7169455,19.85627,102.495496
Laos,2016,102,4.88,66.92,6845846,19.85627,102.495496
Laos,2015,99,4.88,66.55,6741164,19.85627,102.495496
Latvia,2015,89,5.1,74.9,2000000,56.879635,24.603189
Latvia,2018,53,5.93,75.3,1930000,56.879635,24.603189
Latvia,2019,53,5.93,75.4,1910000,56.879635,24.603189
Latvia,2016,68,5.56,75,1970000,56.879635,24.603189
Latvia,2017,54,5.85,75.2,1950000,56.879635,24.603189
Lebanon,2016,93,5.13,78,6710000,33.854721,35.862285
Lebanon,2017,88,5.22,78,6820000,33.854721,35.862285
Lebanon,2018,80,5.36,78,6860000,33.854721,35.862285
Lebanon,2015,103,4.84,77.8,6530000,33.854721,35.862285
Lebanon,2019,80,5.36,78.1,6860000,33.854721,35.862285
Lesotho,2015,97,4.9,50.5,2060000,-29.609988,28.233608
Lesotho,2018,141,3.81,55.5,2110000,-29.609988,28.233608
Lesotho,2019,141,3.81,56.1,2130000,-29.609988,28.233608
Lesotho,2017,139,3.81,54.7,2090000,-29.609988,28.233608
Liberia,2015,116,4.57,62,4470000,6.428055,-9.429499
Liberia,2016,150,3.62,63.9,4590000,6.428055,-9.429499
Liberia,2018,149,3.5,64.8,4820000,6.428055,-9.429499
Liberia,2019,149,3.5,65.2,4940000,6.428055,-9.429499
Liberia,2017,148,3.53,64.4,4700000,6.428055,-9.429499
Libya,2016,67,5.62,72.4,6490000,26.3351,17.228331
Libya,2018,70,5.57,73.2,6680000,26.3351,17.228331
Libya,2015,63,5.75,73.1,6420000,26.3351,17.228331
Libya,2017,68,5.53,73,6580000,26.3351,17.228331
Libya,2019,70,5.57,73.3,6780000,26.3351,17.228331
Lithuania,2017,52,5.9,75,2850000,55.169438,23.881275
Lithuania,2016,60,5.81,74.9,2890000,55.169438,23.881275
Lithuania,2015,56,5.83,74.7,2930000,55.169438,23.881275
Lithuania,2018,50,5.95,75.3,2800000,55.169438,23.881275
Lithuania,2019,50,5.95,75.4,2760000,55.169438,23.881275
Luxembourg,2015,17,6.95,81.4,567000,49.815273,6.129583
Luxembourg,2017,18,6.86,81.7,592000,49.815273,6.129583
Luxembourg,2019,17,6.91,82,616000,49.815273,6.129583
Luxembourg,2016,20,6.87,81.6,579000,49.815273,6.129583
Luxembourg,2018,17,6.91,81.8,604000,49.815273,6.129583
Macedonia,2017,92,5.18,76,2081996,41.6086,21.7453
Macedonia,2015,93,5.01,75.5,2079328,41.6086,21.7453
Macedonia,2018,89,5.18,76.7,2082957,41.6086,21.7453
Macedonia,2019,89,5.18,76.85,2083459,41.6086,21.7453
Macedonia,2016,95,5.12,75.4,2080743,41.6086,21.7453
Madagascar,2015,147,3.68,63,24200000,-18.766947,46.869107
Madagascar,2017,144,3.64,63.5,25600000,-18.766947,46.869107
Madagascar,2016,148,3.7,63.2,24900000,-18.766947,46.869107
Madagascar,2019,143,3.77,64.2,27000000,-18.766947,46.869107
Madagascar,2018,143,3.77,63.9,26300000,-18.766947,46.869107
Malawi,2018,147,3.59,63.7,18100000,-13.254308,34.301525
Malawi,2015,131,4.29,61.7,16700000,-13.254308,34.301525
Malawi,2016,132,4.16,62.4,17200000,-13.254308,34.301525
Malawi,2017,136,3.97,63.2,17700000,-13.254308,34.301525
Malawi,2019,147,3.59,64.2,18600000,-13.254308,34.301525
Malaysia,2019,35,6.32,75,31900000,4.210484,101.975766
Malaysia,2016,47,6,74.7,30700000,4.210484,101.975766
Malaysia,2015,61,5.77,74.6,30300000,4.210484,101.975766
Malaysia,2017,42,6.08,74.7,31100000,4.210484,101.975766
Malaysia,2018,35,6.32,74.9,31500000,4.210484,101.975766
Mali,2018,118,4.45,62.4,19100000,17.570692,-3.996166
Mali,2019,118,4.45,62.9,19700000,17.570692,-3.996166
Mali,2016,135,4.07,61.6,18000000,17.570692,-3.996166
Mali,2015,138,4,61.1,17400000,17.570692,-3.996166
Mali,2017,127,4.19,62,18500000,17.570692,-3.996166
Malta,2019,22,6.63,81.3,440000,35.937496,14.375416
Malta,2017,27,6.53,81,438000,35.937496,14.375416
Malta,2016,30,6.49,81,436000,35.937496,14.375416
Malta,2018,22,6.63,81.1,439000,35.937496,14.375416
Malta,2015,37,6.3,81.2,434000,35.937496,14.375416
Mauritania,2017,123,4.29,70.5,4280000,21.00789,-10.940835
Mauritania,2018,126,4.36,70.8,4400000,21.00789,-10.940835
Mauritania,2016,130,4.2,70.2,4160000,21.00789,-10.940835
Mauritania,2019,126,4.36,71,4530000,21.00789,-10.940835
Mauritania,2015,124,4.44,69.9,4050000,21.00789,-10.940835
Mauritius,2016,66,5.65,74.5,1260000,-20.348404,57.552152
Mauritius,2019,55,5.89,75,1270000,-20.348404,57.552152
Mauritius,2015,71,5.48,74.5,1260000,-20.348404,57.552152
Mauritius,2017,64,5.63,74.8,1260000,-20.348404,57.552152
Mauritius,2018,55,5.89,74.9,1270000,-20.348404,57.552152
Mexico,2017,25,6.58,75.5,125000000,23.634501,-102.552784
Mexico,2018,24,6.49,75.6,126000000,23.634501,-102.552784
Mexico,2019,24,6.49,75.6,128000000,23.634501,-102.552784
Mexico,2015,14,7.19,75.9,122000000,23.634501,-102.552784
Mexico,2016,21,6.78,75.9,123000000,23.634501,-102.552784
Moldova,2017,56,5.84,72.9,4060000,47.411631,28.369885
Moldova,2015,52,5.89,71.8,4070000,47.411631,28.369885
Moldova,2016,55,5.9,72.4,4070000,47.411631,28.369885
Moldova,2019,67,5.64,73.1,4040000,47.411631,28.369885
Moldova,2018,67,5.64,73,4050000,47.411631,28.369885
Mongolia,2016,101,4.91,68.8,3060000,46.862496,103.846656
Mongolia,2017,100,4.95,68.9,3110000,46.862496,103.846656
Mongolia,2019,94,5.12,69.3,3230000,46.862496,103.846656
Mongolia,2018,94,5.12,69.1,3170000,46.862496,103.846656
Mongolia,2015,100,4.87,68.6,3000000,46.862496,103.846656
Montenegro,2019,81,5.35,76.7,628000,42.708678,19.37439
Montenegro,2016,88,5.16,76.4,627000,42.708678,19.37439
Montenegro,2017,83,5.24,76.5,628000,42.708678,19.37439
Montenegro,2015,82,5.19,76.4,627000,42.708678,19.37439
Montenegro,2018,81,5.35,76.6,628000,42.708678,19.37439
Morocco,2019,85,5.25,74.4,36500000,31.791702,-7.09262
Morocco,2016,90,5.15,73.7,35100000,31.791702,-7.09262
Morocco,2017,84,5.24,74,35600000,31.791702,-7.09262
Morocco,2018,85,5.25,74.2,36000000,31.791702,-7.09262
Morocco,2015,92,5.01,73.5,34700000,31.791702,-7.09262
Mozambique,2019,123,4.42,59.9,30400000,-18.665695,35.529562
Mozambique,2017,113,4.55,58.4,28600000,-18.665695,35.529562
Mozambique,2015,94,4.97,56.2,27000000,-18.665695,35.529562
Mozambique,2018,123,4.42,59.2,29500000,-18.665695,35.529562
Myanmar,2016,119,4.39,68.3,53000000,21.9162,95.956
Myanmar,2017,114,4.55,68.5,53400000,21.9162,95.956
Myanmar,2019,130,4.31,69.1,54000000,21.9162,95.956
Myanmar,2018,130,4.31,68.8,53700000,21.9162,95.956
Myanmar,2015,129,4.31,67.8,52700000,21.9162,95.956
Namibia,2019,119,4.44,67.2,2490000,-22.95764,18.49041
Namibia,2018,119,4.44,66.9,2450000,-22.95764,18.49041
Namibia,2016,113,4.57,66.2,2360000,-22.95764,18.49041
Namibia,2017,111,4.57,66.5,2400000,-22.95764,18.49041
Nepal,2017,99,4.96,70.9,27600000,28.394857,84.124008
Nepal,2015,121,4.51,69.6,27000000,28.394857,84.124008
Nepal,2016,107,4.79,70.6,27300000,28.394857,84.124008
Nepal,2019,101,4.88,71.5,28600000,28.394857,84.124008
Nepal,2018,101,4.88,71.2,28100000,28.394857,84.124008
Netherlands,2016,7,7.34,81.5,17000000,52.132633,5.291266
Netherlands,2018,6,7.44,81.7,17100000,52.132633,5.291266
Netherlands,2019,6,7.44,81.8,17100000,52.132633,5.291266
Netherlands,2015,7,7.38,81.5,16900000,52.132633,5.291266
Netherlands,2017,6,7.38,81.5,17000000,52.132633,5.291266
New Zealand,2018,8,7.32,81.8,4740000,40.9006,-174.886
New Zealand,2017,8,7.31,81.6,4700000,40.9006,-174.886
New Zealand,2015,9,7.29,81.5,4610000,40.9006,-174.886
New Zealand,2016,8,7.33,81.7,4660000,40.9006,-174.886
New Zealand,2019,8,7.32,81.9,4780000,40.9006,-174.886
Nicaragua,2019,41,6.14,79.2,6550000,12.865416,-85.207229
Nicaragua,2016,48,5.99,78.5,6300000,12.865416,-85.207229
Nicaragua,2017,43,6.07,78.8,6380000,12.865416,-85.207229
Nicaragua,2015,57,5.83,78.1,6220000,12.865416,-85.207229
Nicaragua,2018,41,6.14,79,6470000,12.865416,-85.207229
Niger,2015,144,3.84,61.3,20000000,17.607789,8.081666
Niger,2016,142,3.86,61.9,20800000,17.607789,8.081666
Niger,2018,134,4.17,62.8,22400000,17.607789,8.081666
Niger,2019,134,4.17,63.2,23300000,17.607789,8.081666
Niger,2017,135,4.03,62.4,21600000,17.607789,8.081666
Nigeria,2016,103,4.88,63.9,186000000,9.081999,8.675277
Nigeria,2015,78,5.27,63.4,181000000,9.081999,8.675277
Nigeria,2017,95,5.07,64.3,191000000,9.081999,8.675277
Nigeria,2018,91,5.16,64.8,196000000,9.081999,8.675277
Nigeria,2019,91,5.16,65.2,201000000,9.081999,8.675277
North Cyprus,2016,62,5.77,80.35,1170187,35.248,33.6577
North Cyprus,2015,66,5.7,80.18,1160985,35.248,33.6577
North Cyprus,2017,61,5.81,80.51,1179678,35.248,33.6577
Northern Cyprus,2018,58,5.84,80.67,1189265,35.248,33.6577
Northern Cyprus,2019,58,5.84,80.9,1198575,35.248,33.6577
Norway,2015,4,7.52,82.3,5200000,60.472024,8.468946
Norway,2017,1,7.54,82.3,5300000,60.472024,8.468946
Norway,2019,2,7.59,82.6,5380000,60.472024,8.468946
Norway,2016,4,7.5,82.4,5250000,60.472024,8.468946
Norway,2018,2,7.59,82.5,5340000,60.472024,8.468946
Oman,2015,22,6.85,76.4,4270000,21.512583,55.923255
Pakistan,2017,80,5.27,66.8,208000000,30.375321,69.345116
Pakistan,2018,75,5.47,67,212000000,30.375321,69.345116
Pakistan,2019,75,5.47,67.2,217000000,30.375321,69.345116
Pakistan,2016,92,5.13,66.4,204000000,30.375321,69.345116
Pakistan,2015,81,5.19,66,199000000,30.375321,69.345116
Palestinian Territories,2017,103,4.78,76.8,4750000,31.9522,35.2332
Palestinian Territories,2018,104,4.74,77,4860000,31.9522,35.2332
Palestinian Territories,2016,108,4.75,76.6,4640000,31.9522,35.2332
Palestinian Territories,2019,104,4.74,77.2,4980000,31.9522,35.2332
Palestinian Territories,2015,108,4.72,76.2,4530000,31.9522,35.2332
Panama,2015,25,6.79,78.9,3970000,8.537981,-80.782127
Panama,2016,25,6.7,79.1,4040000,8.537981,-80.782127
Panama,2019,27,6.43,79.7,4250000,8.537981,-80.782127
Panama,2018,27,6.43,79.5,4180000,8.537981,-80.782127
Panama,2017,30,6.45,79.3,4110000,8.537981,-80.782127
Paraguay,2018,64,5.68,76.3,6960000,-23.442503,-58.443832
Paraguay,2019,64,5.68,76.4,7040000,-23.442503,-58.443832
Paraguay,2016,70,5.54,75.9,6780000,-23.442503,-58.443832
Paraguay,2015,53,5.88,75.8,6690000,-23.442503,-58.443832
Paraguay,2017,70,5.49,76.1,6870000,-23.442503,-58.443832
Peru,2019,65,5.66,80.8,32500000,-9.189967,-75.015152
Peru,2018,65,5.66,80.6,32000000,-9.189967,-75.015152
Peru,2015,58,5.82,80,30500000,-9.189967,-75.015152
Peru,2017,63,5.72,80.3,31400000,-9.189967,-75.015152
Peru,2016,64,5.74,80.2,30900000,-9.189967,-75.015152
Philippines,2019,71,5.52,70,108000000,12.879721,121.774017
Philippines,2015,90,5.07,69.2,102000000,12.879721,121.774017
Philippines,2016,82,5.28,69.5,104000000,12.879721,121.774017
Philippines,2017,72,5.43,69.7,105000000,12.879721,121.774017
Philippines,2018,71,5.52,69.9,107000000,12.879721,121.774017
Poland,2016,57,5.84,77.8,38000000,51.919438,19.145136
Poland,2018,42,6.12,78.2,37900000,51.919438,19.145136
Poland,2015,60,5.79,77.5,38000000,51.919438,19.145136
Poland,2017,46,5.97,78,38000000,51.919438,19.145136
Poland,2019,42,6.12,78.4,37900000,51.919438,19.145136
Portugal,2016,94,5.12,81.5,10300000,39.399872,-8.224454
Portugal,2018,77,5.41,81.7,10300000,39.399872,-8.224454
Portugal,2017,89,5.2,81.4,10300000,39.399872,-8.224454
Portugal,2015,88,5.1,81.5,10400000,39.399872,-8.224454
Portugal,2019,77,5.41,81.8,10200000,39.399872,-8.224454
Puerto Rico,2016,15,7.04,79.49,3283125,18.2208,-66.5901
Qatar,2019,32,6.37,80.5,2830000,25.354826,51.183884
Qatar,2017,35,6.38,80.2,2720000,25.354826,51.183884
Qatar,2018,32,6.37,80.3,2780000,25.354826,51.183884
Qatar,2015,28,6.61,79.9,2570000,25.354826,51.183884
Qatar,2016,36,6.38,80.1,2650000,25.354826,51.183884
Romania,2019,52,5.94,75.4,19400000,45.943161,24.96676
Romania,2018,52,5.94,75.3,19500000,45.943161,24.96676
Romania,2015,86,5.12,75.1,19900000,45.943161,24.96676
Romania,2016,71,5.53,75.2,19800000,45.943161,24.96676
Romania,2017,57,5.82,75.2,19700000,45.943161,24.96676
Russia,2019,59,5.81,72.5,146000000,61.52401,105.318756
Russia,2017,49,5.96,72.1,146000000,61.52401,105.318756
Russia,2018,59,5.81,72.3,146000000,61.52401,105.318756
Russia,2016,56,5.86,71.8,145000000,61.52401,105.318756
Russia,2015,64,5.72,71.3,145000000,61.52401,105.318756
Rwanda,2018,151,3.41,68.8,12300000,-1.940278,29.873888
Rwanda,2015,154,3.46,67.7,11400000,-1.940278,29.873888
Rwanda,2016,152,3.52,68,11700000,-1.940278,29.873888
Rwanda,2017,151,3.47,68.5,12000000,-1.940278,29.873888
Rwanda,2019,151,3.41,69.1,12600000,-1.940278,29.873888
Saudi Arabia,2018,33,6.37,77,33700000,23.8859,45.0792
Saudi Arabia,2016,34,6.38,76.6,32400000,23.8859,45.0792
Saudi Arabia,2017,37,6.34,76.9,33100000,23.8859,45.0792
Saudi Arabia,2015,35,6.41,76.2,31700000,23.8859,45.0792
Saudi Arabia,2019,33,6.37,77.1,34300000,23.8859,45.0792
Senegal,2017,115,4.53,68,15400000,14.497401,-14.452362
Senegal,2019,109,4.63,68.6,16300000,14.497401,-14.452362
Senegal,2016,128,4.22,67.8,15000000,14.497401,-14.452362
Senegal,2018,109,4.63,68.3,15900000,14.497401,-14.452362
Senegal,2015,142,3.9,67.5,14600000,14.497401,-14.452362
Serbia,2019,78,5.4,76,8770000,44.016521,21.005859
Serbia,2017,73,5.39,75.7,8830000,44.016521,21.005859
Serbia,2016,86,5.18,75.5,8850000,44.016521,21.005859
Serbia,2015,87,5.12,75.1,8880000,44.016521,21.005859
Serbia,2018,78,5.4,75.9,8800000,44.016521,21.005859
Sierra Leone,2018,113,4.57,60.9,7650000,8.4606,11.7799
Sierra Leone,2016,111,4.64,59.8,7330000,8.4606,11.7799
Sierra Leone,2017,106,4.71,60.4,7490000,8.4606,11.7799
Sierra Leone,2019,113,4.57,61.3,7810000,8.4606,11.7799
Sierra Leone,2015,123,4.51,58.5,7170000,8.4606,11.7799
Singapore,2018,34,6.34,85,5760000,1.352083,103.819836
Singapore,2015,24,6.8,84.4,5590000,1.352083,103.819836
Singapore,2017,26,6.57,84.8,5710000,1.352083,103.819836
Singapore,2019,34,6.34,85.1,5800000,1.352083,103.819836
Singapore,2016,22,6.74,84.7,5650000,1.352083,103.819836
Slovakia,2019,39,6.17,77.54,5457013,48.669026,19.699024
Slovakia,2017,40,6.1,77.22,5447900,48.669026,19.699024
Slovakia,2016,45,6.08,77.03,5442003,48.669026,19.699024
Slovakia,2015,45,6,76.83,5435611,48.669026,19.699024
Slovakia,2018,39,6.17,77.39,5453014,48.669026,19.699024
Slovenia,2015,55,5.85,80.8,2070000,46.151241,14.995463
Slovenia,2017,62,5.76,81.1,2080000,46.151241,14.995463
Slovenia,2019,51,5.95,81.4,2080000,46.151241,14.995463
Slovenia,2016,63,5.77,81,2070000,46.151241,14.995463
Slovenia,2018,51,5.95,81.3,2080000,46.151241,14.995463
Somalia,2017,93,5.15,58.5,14600000,5.152149,46.199616
Somalia,2018,98,4.98,58.9,15000000,5.152149,46.199616
Somalia,2019,98,4.98,59.2,15400000,5.152149,46.199616
Somalia,2016,76,5.44,58.5,14200000,5.152149,46.199616
Somaliland Region,2016,97,5.06,55.15,14185636,9.562389,44.077011
Somaliland region,2015,91,5.06,55.06,13797201,9.562389,44.077011
South Africa,2018,105,4.72,66.6,57800000,30.5595,22.9375
South Africa,2015,113,4.64,63.4,55400000,30.5595,22.9375
South Africa,2019,105,4.72,66.9,58600000,30.5595,22.9375
South Africa,2016,116,4.46,64.4,56200000,30.5595,22.9375
South Africa,2017,101,4.83,66.3,57000000,30.5595,22.9375
South Korea,2015,47,5.98,82.3,50800000,35.9078,127.7669
South Korea,2017,55,5.84,82.6,51100000,35.9078,127.7669
South Korea,2016,57,5.84,82.5,51000000,35.9078,127.7669
South Korea,2019,57,5.88,83,51200000,35.9078,127.7669
South Korea,2018,57,5.88,82.8,51200000,35.9078,127.7669
South Sudan,2016,143,3.83,59.4,10800000,6.877,31.307
South Sudan,2018,154,3.25,59.5,11000000,6.877,31.307
South Sudan,2019,154,3.25,59.7,11100000,6.877,31.307
South Sudan,2017,147,3.59,59.3,10900000,6.877,31.307
Spain,2016,37,6.36,82.9,46600000,40.463667,-3.74922
Spain,2015,36,6.33,82.6,46700000,40.463667,-3.74922
Spain,2017,34,6.4,83.1,46600000,40.463667,-3.74922
Spain,2019,36,6.31,83.3,46700000,40.463667,-3.74922
Spain,2018,36,6.31,83.2,46700000,40.463667,-3.74922
Sri Lanka,2017,120,4.44,77.5,21100000,7.8731,80.7718
Sri Lanka,2015,132,4.27,76.9,20900000,7.8731,80.7718
Sri Lanka,2019,116,4.47,77.8,21300000,7.8731,80.7718
Sri Lanka,2018,116,4.47,77.6,21200000,7.8731,80.7718
Sri Lanka,2016,117,4.42,77.2,21000000,7.8731,80.7718
Sudan,2018,137,4.14,70.5,41800000,12.862807,30.217636
Sudan,2019,137,4.14,70.8,42800000,12.862807,30.217636
Sudan,2016,133,4.14,69.8,39800000,12.862807,30.217636
Sudan,2015,118,4.55,69.6,38900000,12.862807,30.217636
Sudan,2017,130,4.14,70.3,40800000,12.862807,30.217636
Suriname,2015,40,6.27,71.9,559000,3.919305,-56.027783
Suriname,2016,40,6.27,71.9,565000,3.919305,-56.027783
Swaziland,2015,101,4.87,55.8,1100000,-26.522503,31.465866
Sweden,2018,9,7.31,82.6,9970000,60.128161,18.643501
Sweden,2015,8,7.36,82.2,9760000,60.128161,18.643501
Sweden,2019,9,7.31,82.8,10000000,60.128161,18.643501
Sweden,2017,9,7.28,82.5,9900000,60.128161,18.643501
Sweden,2016,10,7.29,82.4,9840000,60.128161,18.643501
Switzerland,2019,5,7.49,84.3,8590000,46.818188,8.227512
Switzerland,2017,4,7.49,84,8460000,46.818188,8.227512
Switzerland,2015,1,7.59,83.5,8300000,46.818188,8.227512
Switzerland,2018,5,7.49,84.1,8530000,46.818188,8.227512
Switzerland,2016,2,7.51,83.8,8380000,46.818188,8.227512
Syria,2018,150,3.46,70.6,16900000,34.802075,38.996815
Syria,2015,156,3.01,67.3,18000000,34.802075,38.996815
Syria,2017,152,3.46,69.8,17100000,34.802075,38.996815
Syria,2019,150,3.46,71.5,17100000,34.802075,38.996815
Syria,2016,156,3.07,67.4,17500000,34.802075,38.996815
Taiwan,2015,38,6.3,79.84,23557477,23.69781,120.960515
Taiwan,2019,26,6.44,80.19,23773876,23.69781,120.960515
Taiwan,2016,34,6.38,80.2,23618200,23.69781,120.960515
Taiwan,2018,26,6.44,80.4,23726460,23.69781,120.960515
Taiwan,2017,33,6.42,80,23674546,23.69782,120.960516
Tajikistan,2018,88,5.2,70.5,9100000,38.861034,71.276093
Tajikistan,2019,88,5.2,70.8,9320000,38.861034,71.276093
Tajikistan,2015,106,4.79,70.2,8450000,38.861034,71.276093
Tajikistan,2017,96,5.04,70.3,8880000,38.861034,71.276093
Tajikistan,2016,100,5,70.2,8660000,38.861034,71.276093
Tanzania,2018,153,3.3,67.3,56300000,-6.369028,34.888822
Tanzania,2017,153,3.35,66.7,54700000,-6.369028,34.888822
Tanzania,2016,149,3.67,66.2,53000000,-6.369028,34.888822
Tanzania,2019,153,3.3,67.7,58000000,-6.369028,34.888822
Tanzania,2015,146,3.78,65.6,51500000,-6.369028,34.888822
Thailand,2019,46,6.07,78.6,69600000,15.870032,100.992541
Thailand,2015,34,6.46,78.2,68700000,15.870032,100.992541
Thailand,2017,32,6.42,78.1,69200000,15.870032,100.992541
Thailand,2018,46,6.07,78.4,69400000,15.870032,100.992541
Thailand,2016,33,6.47,78,69000000,15.870032,100.992541
Togo,2017,150,3.49,64.4,7700000,8.619543,0.824782
Togo,2019,139,4,65,8080000,8.619543,0.824782
Togo,2016,155,3.3,63.5,7510000,8.619543,0.824782
Togo,2015,158,2.84,62.8,7320000,8.619543,0.824782
Togo,2018,139,4,64.7,7890000,8.619543,0.824782
Trinidad and Tobago,2019,38,6.19,74.5,1390000,10.6918,-61.2225
Trinidad and Tobago,2018,38,6.19,74.4,1390000,10.6918,-61.2225
Trinidad and Tobago,2017,38,6.17,74.2,1380000,10.6918,-61.2225
Trinidad and Tobago,2016,43,6.17,74.3,1380000,10.6918,-61.2225
Trinidad and Tobago,2015,41,6.17,74.4,1370000,10.6918,-61.2225
Tunisia,2018,111,4.59,78.5,11600000,33.886917,9.537499
Tunisia,2017,102,4.8,78.3,11400000,33.886917,9.537499
Tunisia,2019,111,4.59,78.7,11700000,33.886917,9.537499
Tunisia,2016,98,5.04,78.1,11300000,33.886917,9.537499
Tunisia,2015,107,4.74,77.9,11200000,33.886917,9.537499
Turkey,2017,69,5.5,78.9,81100000,38.963745,35.243322
Turkey,2019,74,5.48,79.5,83400000,38.963745,35.243322
Turkey,2016,78,5.39,78.6,79800000,38.963745,35.243322
Turkey,2018,74,5.48,79.2,82300000,38.963745,35.243322
Turkey,2015,76,5.33,78.3,78500000,38.963745,35.243322
Turkmenistan,2017,59,5.82,70.1,5760000,38.969719,59.556278
Turkmenistan,2015,70,5.55,69.8,5570000,38.969719,59.556278
Turkmenistan,2018,68,5.64,70.2,5850000,38.969719,59.556278
Turkmenistan,2019,68,5.64,70.3,5940000,38.969719,59.556278
Turkmenistan,2016,65,5.66,70,5660000,38.969719,59.556278
Uganda,2017,133,4.08,65.7,41200000,1.373333,32.290275
Uganda,2016,145,3.74,65.2,39600000,1.373333,32.290275
Uganda,2019,135,4.16,66.6,44300000,1.373333,32.290275
Uganda,2015,141,3.93,64.5,38200000,1.373333,32.290275
Uganda,2018,135,4.16,66.2,42700000,1.373333,32.290275
Ukraine,2019,138,4.1,70.8,44000000,48.379433,31.16558
Ukraine,2017,132,4.1,70.5,44500000,48.379433,31.16558
Ukraine,2015,111,4.68,69.2,44900000,48.379433,31.16558
Ukraine,2016,123,4.32,69.6,44700000,48.379433,31.16558
Ukraine,2018,138,4.1,70.7,44200000,48.379433,31.16558
United Arab Emirates,2015,20,6.9,73.1,9260000,23.4241,53.8478
United Arab Emirates,2016,28,6.57,73.2,9360000,23.4241,53.8478
United Arab Emirates,2019,20,6.77,73.6,9770000,23.4241,53.8478
United Arab Emirates,2017,21,6.65,73.3,9490000,23.4241,53.8478
United Arab Emirates,2018,20,6.77,73.5,9630000,23.4241,53.8478
United Kingdom,2016,23,6.72,80.9,66300000,55.3781,3.436
United Kingdom,2019,11,7.19,81.1,67500000,55.3781,3.436
United Kingdom,2017,19,6.71,81,66700000,55.3781,3.436
United Kingdom,2018,11,7.19,81,67100000,55.3781,3.436
United Kingdom,2015,21,6.87,81,65900000,55.3781,3.436
United States,2017,14,6.99,78.6,325000000,37.0902,-95.7129
United States,2019,18,6.89,78.6,329000000,37.0902,-95.7129
United States,2018,18,6.89,78.6,327000000,37.0902,-95.7129
United States,2015,15,7.12,78.8,321000000,37.0902,-95.7129
United States,2016,13,7.1,78.6,323000000,37.0902,-95.7129
Uruguay,2019,31,6.38,77.3,3460000,-32.522779,-55.765835
Uruguay,2018,31,6.38,77.2,3450000,-32.522779,-55.765835
Uruguay,2015,32,6.48,77,3410000,-32.522779,-55.765835
Uruguay,2017,28,6.45,77,3440000,-32.522779,-55.765835
Uruguay,2016,29,6.54,77,3420000,-32.522779,-55.765835
Uzbekistan,2017,47,5.97,70.3,32000000,41.377491,64.585262
Uzbekistan,2019,44,6.1,70.7,33000000,41.377491,64.585262
Uzbekistan,2018,44,6.1,70.5,32500000,41.377491,64.585262
Uzbekistan,2016,49,5.99,70.1,31400000,41.377491,64.585262
Uzbekistan,2015,44,6,69.9,30900000,41.377491,64.585262
Venezuela,2019,102,4.81,75.1,28500000,6.42375,-66.58973
Venezuela,2016,44,6.08,75.3,29900000,6.42375,-66.58973
Venezuela,2018,102,4.81,75.2,28900000,6.42375,-66.58973
Venezuela,2017,82,5.25,75.3,29400000,6.42375,-66.58973
Venezuela,2015,23,6.81,75,30100000,6.42375,-66.58973
Vietnam,2016,96,5.06,74.4,93600000,14.058324,108.277199
Vietnam,2015,75,5.36,74.3,92700000,14.058324,108.277199
Vietnam,2017,94,5.07,74.5,94600000,14.058324,108.277199
Vietnam,2019,95,5.1,74.7,96500000,14.058324,108.277199
Vietnam,2018,95,5.1,74.6,95500000,14.058324,108.277199
Yemen,2015,136,4.08,68.6,26500000,15.552727,48.516388
Yemen,2019,152,3.36,68.1,29200000,15.552727,48.516388
Yemen,2018,152,3.36,68.1,28500000,15.552727,48.516388
Yemen,2016,147,3.72,68.1,27200000,15.552727,48.516388
Yemen,2017,146,3.59,68.1,27800000,15.552727,48.516388
Zambia,2019,125,4.38,64,17900000,-13.133897,27.849332
Zambia,2018,125,4.38,63.7,17400000,-13.133897,27.849332
Zambia,2015,85,5.13,62,15900000,-13.133897,27.849332
Zambia,2017,116,4.51,63.2,16900000,-13.133897,27.849332
Zambia,2016,106,4.8,62.8,16400000,-13.133897,27.849332
Zimbabwe,2017,138,3.88,61.4,14200000,-19.015438,29.154857
Zimbabwe,2016,131,4.19,60.5,14000000,-19.015438,29.154857
Zimbabwe,2019,144,3.69,62,14600000,-19.015438,29.154857
Zimbabwe,2015,115,4.61,59.6,13800000,-19.015438,29.154857
Zimbabwe,2018,144,3.69,61.7,14400000,-19.015438,29.154857